word,score
sit,0.8603034292515112
plant,0.8362791228702151
wonder,0.9744782310612342
relation,0.9050217341282396
