word,score
sit,0.6477396258529398
plant,0.7877488455863775
wonder,0.9591953392856188
relation,0.8342801626426105